scenario,beforeMedianMs,afterMedianMs,medianGainPercent,beforeP95Ms,afterP95Ms,p95GainPercent
"1 ocurrencia(s)",48.14809999999943,45.87570000000005,4.7196047196034865,56.52729999999974,54.93079999999918,2.8242990555016205
"50 ocurrencia(s)",281.40439999999944,105.26080000000002,62.594472581096724,303.9204000000009,132.02059999999983,56.56079684022545
"500 ocurrencia(s)",2671.4452000000165,749.6030000000028,71.94016931359857,2841.855800000005,840.3589999999967,70.42921741490208
"390 px · 500 reservas · Abrir formulario",154.80000001192093,140.60000002384186,9.173126606579812,210.90000000596046,175.69999998807907,16.690374593118335
"390 px · 500 reservas · Escribir descripción",62.5,61.099999994039536,2.240000009536743,77.69999998807907,64.5,16.98841697568114
"390 px · 2500 reservas · Abrir formulario",281.69999998807907,148.90000000596046,47.142350013396666,347.09999999403954,255,26.534140016024516
"390 px · 2500 reservas · Escribir descripción",96.80000001192093,47.70000001788139,50.7231404834637,118.2999999821186,63.69999998807907,46.15384615578401
"390 px · 10000 reservas · Abrir formulario",940.8000000119209,193.30000001192093,79.45365646157828,1444,290.7999999821186,79.86149584611367
"390 px · 10000 reservas · Escribir descripción",577.0999999940395,61.599999994039536,89.32594004597544,794,79.69999998807907,89.96221662618652
"1200 px · 500 reservas · Abrir formulario",161.7999999821186,196.30000001192093,-21.32262053993517,206.40000000596046,224.40000000596046,-8.720930232306294
"1200 px · 500 reservas · Escribir descripción",63.70000001788139,64.09999999403954,-0.6279434474817223,88.5,77.80000001192093,12.090395466756013
"1200 px · 500 reservas · Respuesta visual al buscar",49.10000002384186,46.599999994039536,5.0916497527258215,62.30000001192093,58.29999998211861,6.420545792996683
"1200 px · 500 reservas · Cambiar agenda a calendario",256.90000000596046,243.19999998807907,5.332814331476658,388.59999999403954,372.5,4.143077713403623
"1200 px · 2500 reservas · Abrir formulario",216.09999999403954,253.59999999403954,-17.353077279516114,300.59999999403954,356.90000000596046,-18.72920825450342
"1200 px · 2500 reservas · Escribir descripción",77.10000002384186,76.09999999403954,1.2970168994722302,92.69999998807907,88.5,4.530744324292533
"1200 px · 2500 reservas · Respuesta visual al buscar",57.80000001192093,56.70000001788139,1.903114176146482,91.40000000596046,69.09999999403954,24.39824946440556
"1200 px · 2500 reservas · Cambiar agenda a calendario",868.5,208,76.05066206102475,1259,261.80000001192093,79.205718823517
"1200 px · 10000 reservas · Abrir formulario",604.1999999880791,481.40000000596046,20.32439589284036,810.4000000059605,622.4000000059605,23.198420532899465
"1200 px · 10000 reservas · Escribir descripción",95.59999999403954,99.59999999403954,-4.184100418670912,113.39999997615814,127.09999999403954,-12.081128766103843
"1200 px · 10000 reservas · Respuesta visual al buscar",78.80000001192093,78.09999999403954,0.8883248956541838,106.2999999821186,135.19999998807907,-27.187206030876688
"1200 px · 10000 reservas · Cambiar agenda a calendario",7574.5999999940395,277.2999999821186,96.33908061175063,11962.199999988079,400.40000000596046,96.65278962058518
"500 reservas · Índice por fecha",0.7066000000004351,0.633600000000115,10.331163317333031,0.9978000000000975,0.9501000000000204,4.780517137710208
"500 reservas · Índice de días densos",2.417699999999968,0.8879000000001724,63.275013442520404,8.791600000000017,5.5625,36.72937804267722
"500 reservas · Búsqueda aproximada",10.57609999999977,9.65560000000005,8.703586388174656,12.038300000000163,11.310799999999745,6.043212081443464
"500 reservas · Conflictos de 50 candidatos",0.3632000000006883,0.3211999999998625,11.563876652187838,0.6705000000001746,0.62270000000035,7.129008202805698
"500 reservas · Validación de todos los registros",1.6476000000002387,1.9116999999996551,-16.02937606211327,2.333499999999731,2.91820000000007,-25.05678165847039
"500 reservas · PDF de todos los registros",16.78070000000025,16.861699999999928,-0.48269738449334654,18.865600000000086,20.26459999999952,-7.415613603592922
"2500 reservas · Índice por fecha",5.352299999999559,3.821600000000217,28.598920090418478,7.971999999999753,4.4526999999998225,44.14576016056246
"2500 reservas · Índice de días densos",22.103900000000067,4.475800000000163,79.75108465021941,24.143299999999726,4.723699999999553,80.43473758765535
"2500 reservas · Búsqueda aproximada",52.10540000000037,49.482200000000375,5.034411020738692,55.718800000000556,56.493500000000495,-1.3903745235000238
"2500 reservas · Conflictos de 50 candidatos",1.7393999999994776,1.5778000000000247,9.290559963177039,3.144600000000537,2.8263000000006286,10.122114100357882
"2500 reservas · Validación de todos los registros",6.486900000000787,8.159999999999854,-25.79198076120896,7.731699999999364,9.302999999999884,-20.32282680394543
"2500 reservas · PDF de todos los registros",64.62910000000011,62.04830000000038,3.993247623748005,78.73509999999987,66.92910000000029,14.994583102072143
"10000 reservas · Índice por fecha",51.03160000000025,16.0020999999997,68.64276252361357,140.89710000000014,18.05210000000079,87.18774197623601
"10000 reservas · Índice de días densos",421.72229999999763,17.726200000000972,95.79671267087345,455.5352000000021,18.39099999999962,95.96277082429646
"10000 reservas · Búsqueda aproximada",215.3041000000012,197.16250000000036,8.426035546931402,220.29260000000068,202.86030000000028,7.913248107290187
"10000 reservas · Conflictos de 50 candidatos",6.405399999996007,5.733099999997648,10.495831642032934,10.257799999999406,9.305000000000291,9.288541402631854
"10000 reservas · Validación de todos los registros",27.40020000000368,34.12149999999747,-24.530112918857842,29.59309999999823,37.32430000000022,-26.12500887031927
"10000 reservas · PDF de todos los registros",241.28749999999854,237.21399999999994,1.6882349893793205,265.4343999999983,248.21440000000075,6.487478638788959
"500 reservas",1.4379999999999882,0.5027000000000044,65.04172461752374,1.7849999999999682,1.3803000000000338,22.67226890755975
"2500 reservas",40.77489999999989,3.9918000000002394,90.21015379559422,54.21259999999984,5.2409999999999854,90.33250572745081
"10000 reservas",973.851499999997,9.146999999997206,99.06073975344319,1377.7607999999964,10.20329999999376,99.25942877747764